restaurant,Alabama,Alaska,Arizona,Arkansas,California,Colorado,Connecticut,Delaware,Florida,Georgia,Hawaii,Idaho,Illinois,Indiana,Iowa,Kansas,Kentucky,Louisiana,Maine,Maryland,Massachusetts,Michigan,Minnesota,Mississippi,Missouri,Montana,Nebraska,Nevada,New Hampshire,New Jersey,New Mexico,New York,North Carolina,North Dakota,Ohio,Oklahoma,Oregon,Pennsylvania,Rhode Island,South Carolina,South Dakota,Tennessee,Texas,Utah,Vermont,Virginia,Washington,West Virginia,Wisconsin,Wyoming
McDonalds,13000.0,15000.0,16000.0,12666.666666666666,18500.0,13666.666666666666,11000.0,10500.0,17000.0,13000.0,10000.0,12000.0,14000.0,13000.0,11666.666666666666,11000.0,12333.333333333334,17250.0,9500.0,12000.0,14000.0,14000.0,11000.0,10000.0,13000.0,9333.333333333334,10666.666666666666,11500.0,9500.0,13000.0,12000.0,14000.0,15000.0,11500.0,14000.0,12666.666666666666,12000.0,16500.0,10000.0,10500.0,9500.0,13500.0,20666.666666666668,12666.666666666666,8666.666666666666,12000.0,13666.666666666666,11500.0,12500.0,10000.0
Burger King,19500.0,17000.0,20000.0,13666.666666666666,25000.0,18500.0,12000.0,11000.0,23250.0,17000.0,10000.0,14000.0,19500.0,16000.0,13000.0,12000.0,15000.0,20500.0,9000.0,14000.0,18000.0,20000.0,12000.0,11000.0,16000.0,10000.0,13000.0,14000.0,9000.0,16000.0,14000.0,19000.0,22000.0,13000.0,17000.0,15000.0,14000.0,23000.0,10000.0,11000.0,9000.0,16000.0,25000.0,14000.0,8000.0,15000.0,20000.0,12000.0,14000.0,8000.0
