restaurant,AK,AL,AR,AZ,CA,CO,CT,DE,FL,GA,HI,IA,ID,IL,IN,KS,KY,LA,MA,MD,ME,MI,MN,MO,MS,MT,NC,ND,NE,NH,NJ,NM,NV,NY,OH,OK,OR,PA,RI,SC,SD,TN,TX,UT,VA,VT,WA,WI,WV,WY
McDonalds,2.4,2.2333333333333334,2.8666666666666667,1.8,1.8,1.5,1.8,3.9,2.5,2.5,0.85,1.0666666666666667,3.1,3.7,2.4499999999999997,3.65,3.033333333333333,3.2500000000000004,2.4,2.3,3.375,2.8666666666666667,3.25,2.2,2.8000000000000003,2.533333333333333,3.5,1.15,3.0,3.3,3.0,1.0,2.9,2.1,3.6666666666666665,2.5,1.0999999999999999,3.6,1.6,1.05,1.5,3.45,2.433333333333333,1.9666666666666668,2.8666666666666667,2.2333333333333334,2.266666666666667,4.35,2.5,2.925
Burger King,3.25,2.05,2.1,3.2000000000000006,2.15,1.8499999999999999,2.05,1.933333333333333,3.2249999999999996,1.6500000000000001,1.9500000000000002,3.5,0.8,2.3,2.4333333333333336,2.5,4.7,2.55,2.85,2.575,2.9,3.8499999999999996,0.6333333333333333,1.25,4.1,2.75,4.2,1.85,2.6999999999999997,3.266666666666666,0.7,2.6,1.3499999999999999,2.0,2.8499999999999996,2.8499999999999996,0.75,3.2,1.9,3.9,2.0,2.6,2.4,3.3666666666666667,2.1999999999999997,1.8,1.4000000000000001,2.533333333333333,2.15,1.3499999999999999
